inspector_id,material_flexibility,structural_mass_ratio,recent_precipitation,infrastructure_age,surface_debris,vibration_exposure,asset_density,inspection_season,inspection_window,moisture_stress,failure
5,31.7626051903767,12.8919962466225,4.71106417769157,71.4805922486999,9.42964247163618,5.17708816902097,2.9944,summer,afternoon,0.0599999999999999,1
7,30.7701579681901,11.835562633177,3.31588805208124,60.3008916917273,8.65564144309821,4.92762162033127,2.6808,spring,morning,0.01,0
6,31.5912960712242,11.7382671924949,2.42556163624205,56.3679651654215,9.01713691343344,4.91094509011881,2.5294,autumn,night,0.02,0
5,30.8346494861794,11.622880959822,2.16448624820815,53.1351381342932,8.86464974422795,4.94955420571936,2.481,autumn,afternoon,0.02,1
2,33.3159805022234,12.6160651184552,4.55708175699618,77.4822686470985,9.54934423310921,5.04768941015956,3.046,summer,morning,0.07,1
8,30.231696918064,13.159008968576,4.87724656267385,66.807704845308,8.77405599369837,5.17842461306359,3.23,winter,morning,0.31,0
9,33.7920881112876,11.9428812085737,3.86235120047973,67.3044944240668,9.56860476907282,4.87140811404492,2.7496,winter,night,0.01,0
10,35.3836879922417,12.1986014710808,3.81716965362411,86.9693970229008,9.93309954480244,4.75236656826358,2.56724,autumn,morning,0.01,1
10,27.1048523185652,11.6585759598569,1.83337653432129,42.2139586266078,7.86518666219496,5.01865699954309,2.54048,winter,morning,0,0
2,91.1579130126406,12.0045403981544,2.66119339439282,55.0221938112531,8.96042313906366,4.85818990030721,2.55912,winter,night,0.01,0
6,31.6343531680107,11.7495842782924,2.1098566996131,61.0894553715318,9.0762428693428,4.83811818897588,2.46432,winter,morning,0,0
6,30.4043617674892,11.7072813829055,2.03509482173241,52.623383135325,8.74888702214865,5.0483284714248,2.53152,spring,night,0.01,0
1,31.872658871806,12.1363850079578,2.67845968868222,64.2249359540742,9.24224109242115,4.97266252542024,2.7428,autumn,morning,0.13,0
8,30.2799091163033,11.659905407286,2.39277890256283,51.6799510486446,8.72117593357385,4.99042241224645,2.46192,spring,night,0.03,0
8,27.4837207454212,11.7906451271101,2.42792500431618,68.7955372725926,8.03199857170498,4.88753200777633,2.39048,winter,night,0.02,0
4,31.0892044858497,11.8311149575142,2.67272080382632,62.3147013189737,8.7727578051006,4.98818106459869,2.52776,winter,morning,0.01,0
3,31.4960231059579,11.9592373914926,3.24219855185829,69.044146051398,8.96404248709514,4.84438522169668,2.53184,autumn,afternoon,0.01,0
4,34.1737457217284,13.0189816611105,4.63281129722536,70.5976744524696,9.50707433747831,4.98889993295731,2.91,summer,afternoon,0.08,1
9,38.280776916169,14.10698974677,5.67855217704322,88.654394979788,10.7017050065517,5.05522816708133,3.2932,summer,afternoon,0.0599999999999999,1
11,36.7101173533263,12.486119928617,4.65988216185402,79.5337303750774,10.5235752928843,5.01253874086549,2.8788,summer,morning,0.0199999999999999,1
8,35.7369280597832,12.818584731226,4.80120522266997,85.6882761161376,10.2848965502148,5.11791897654845,3.1512,summer,morning,0.1,1
2,33.1049197850127,12.3101309716839,4.60019382114151,71.8032696234956,9.50738821213586,5.01988329440199,2.8456,summer,night,0.0399999999999999,1
11,32.4805917370689,12.2141024874436,4.00955809939476,59.764080142664,9.57256691321295,5.054791808674,2.9308,summer,morning,0.0399999999999999,1
4,30.807052693641,11.5151441076699,0.88406307935315,57.7740740159094,8.75212202756897,4.97694841593653,2.31184,spring,night,0.03,0
2,33.8207790992529,12.228295359236,4.00929030800386,70.0449725146377,9.7546687726092,5.04436804033151,2.7916,spring,morning,0.08,1
2,32.0400256015762,11.6916196947344,2.20977622877213,61.3889462275254,9.30894896551324,4.95406842789151,2.6448,summer,night,0,1
6,36.5855879338882,13.0556461160374,5.23824241720747,97.6257124413681,10.4530236777369,4.97601821872046,2.9692,autumn,morning,0.0399999999999999,1
1,33.6621229419952,12.6532253165064,4.47051878215089,63.5777363330367,9.74825491312838,5.1640908599798,3.0056,summer,night,0.12,1
6,29.287276690697,11.8919110186718,2.32928150593367,61.6106575049291,8.55577537571561,4.96401914604476,2.5724,autumn,night,0.0199999999999999,0
3,32.3840764714754,12.1231675782949,3.76459792908226,63.3010603634139,9.30275482360646,5.00011181197556,2.8616,autumn,night,0.07,1
1,31.9063194829373,11.8128029117841,2.69454487072828,55.7741620823933,9.18126908501455,4.88683228607963,2.56692,autumn,morning,,0
4,28.4058583637201,11.6817736037758,1.83655365969157,63.3348014089534,8.30275455058279,4.95549379974915,2.4624,autumn,night,,0
9,32.0649304877207,11.8572318766514,3.66022642274112,52.5512590037905,9.048580528861,4.95230879751452,2.734,winter,afternoon,,0
10,33.1277118146566,11.710273275627,2.52024020822788,61.5646699013147,9.22191236091738,4.93663518904207,2.5182,winter,afternoon,0.03,0
7,31.9900602275148,11.673947684178,2.89126351112597,67.9772264372922,9.23194626037565,4.96320454087783,2.51052,winter,morning,0.02,0
4,30.6307835791418,11.6648638960691,1.73813982436002,57.9403260122967,8.91475336898001,4.96675523614035,2.47652,autumn,night,0.01,0
6,32.3921491256648,11.5947802136067,2.24696536094665,61.5830776338613,9.15115163207221,4.9027064364914,2.42224,autumn,afternoon,0.03,0
10,35.4714168425058,12.2168029613564,4.37268325411792,78.2004200551495,10.1572255535745,5.01708818738997,2.9104,autumn,night,0.0199999999999999,1
6,32.0067384789835,11.6354308139357,1.80374636275101,53.0929884875019,9.03058189802587,4.91965614096359,2.47948,winter,morning,0.01,0
9,32.5365358943386,11.7745876584625,3.3272195271526,68.5762509739026,9.23689616980151,4.9778002658045,2.6192,winter,morning,0,0
3,31.3031774655666,11.516984499831,0.5103013310814,63.0974098978458,8.92878449074058,4.80707344046975,2.235088,winter,afternoon,0.03,0
4,35.0779389686299,12.9417013143695,4.78854809697989,93.2499050521472,10.221890381975,4.91678794700142,2.9984,summer,morning,0.09,1
9,30.3183398937458,12.2046616712923,3.25082601621719,57.7740740159094,8.57304006650074,4.87788839641426,2.58612,winter,night,0.01,0
9,33.7200590835024,11.7589531690248,2.68573998793294,62.8657967582321,9.67337862706734,4.83399842631592,2.54272,autumn,afternoon,0.01,1
2,33.2485435467231,11.6213820111173,2.14825349085201,57.4033810115729,9.33611051818185,4.93692904053606,2.43016,winter,morning,0.03,0
2,30.8162586779821,11.6466276423007,2.42556163624205,76.5554290596111,8.89547881113857,4.91701323141294,2.42188,autumn,night,0.03,0
5,28.3370385445793,12.0259770794098,2.37466830491972,51.4063905527226,8.28514716530474,4.90920316955762,2.5248,winter,morning,0.0399999999999999,0
7,30.8713467624853,11.7944968540962,2.92009451492239,62.9002795253949,8.87574858275475,4.93821525185948,2.45064,autumn,morning,0.01,0
9,30.4897713807156,11.7778692460981,3.41094153232656,61.7753427904236,8.71989373284817,4.98514770036456,2.7232,autumn,morning,0.0299999999999999,0
10,31.8135246444311,11.7992224721346,2.69764324470195,57.6848379504126,9.15189650847128,4.93095653259662,2.618,summer,night,0.01,1
2,34.5098637225772,12.3660826633387,3.88670156931054,76.6552664888503,9.98266810528764,5.13569353838893,2.9252,spring,morning,0.0499999999999999,1
6,36.4712469068217,12.4100023335327,4.67875022632074,82.1188739613091,10.4190477917989,5.01110945029191,2.8452,summer,afternoon,0.0399999999999999,1
5,30.8438343316336,11.7326185713899,2.66014214601119,59.4492729322927,8.71705855533083,5.00341561197306,2.49572,autumn,night,0.01,0
2,29.8787302955885,11.667466145109,1.0849721950259,52.7525547361133,8.66560701365004,4.92300199045725,2.42224,winter,night,0.01,0
4,36.8945214477394,12.4918001355176,4.58257785298546,87.1393040815702,10.5653139555009,4.97612639657654,3.0448,summer,night,0.0299999999999999,1
11,32.3192989862407,11.5682097844993,1.37403019526254,68.2493394784077,9.13354040103559,4.87838608325943,2.33248,autumn,night,0.03,0
4,31.9063194829373,12.1195867197198,3.92617282504183,69.5199118347468,9.51249672606475,5.03257422186758,2.7968,summer,morning,0.0499999999999999,1
9,31.408749994009,11.6462057769386,2.44028707457904,58.2143779845407,8.99585139476112,4.9589112347969,2.52896,autumn,night,0.01,0
5,29.3185946728055,11.6543483715879,2.10431076884969,61.4167949208159,8.18173997554894,4.94282744251073,2.325,spring,afternoon,0.03,0
6,31.452465889351,11.7386972494585,2.76112451639511,67.7689961767931,9.08829712508332,5.02534056528124,2.5218,winter,afternoon,0.01,0
5,30.4138817997219,11.9404483608878,3.39862265280014,56.5344346163942,8.49607278308427,5.01983427754654,2.642,autumn,night,0,0
11,31.2677792098095,11.8661784882167,2.89827696074439,59.3980302703894,8.81217646238906,5.01665567408949,2.53644,summer,morning,0.01,0
2,30.2413548662714,11.7155900060478,2.70022156141845,52.3040730147172,8.60281109272284,4.96105830216152,2.53904,spring,night,0.01,0
3,38.3889743704803,13.0752384264327,5.41821988842742,102.131027018522,11.2112437682911,5.08909335310626,3.0356,summer,morning,0.01,1
8,31.0892044858497,11.6823808002464,2.5791333522712,45.9614987503232,8.92820634044714,4.91690454467386,2.628,summer,night,0,1
3,29.0870085379388,11.8706578613288,2.62834497387559,54.7651208631855,8.2946488394351,4.94811433146122,2.56508,winter,night,0.01,0
7,34.2084780180448,11.8408926031276,3.42246686585997,61.5185763109654,9.53864811175004,5.02791587477937,2.7428,autumn,afternoon,0.02,0
1,34.0759570548492,12.0931384604577,3.86523138530928,86.3710842343662,9.92709956101691,4.95470150140194,2.6864,summer,afternoon,0,1
4,34.4759940980603,11.7245255608676,2.38374410328042,63.5193664771385,9.8524165253,4.92803036223229,2.54948,autumn,morning,0.0199999999999999,1
5,28.09820763595,11.7297967377704,0.823876955395929,41.0876022216893,7.9746500246579,4.87668692885233,2.30256,winter,afternoon,0.01,0
7,33.5086961944315,13.1861201209951,5.18242210767803,82.0396397870263,9.46539589667012,5.16096932750305,3.0916,autumn,night,0.08,0
9,31.134097916437,11.8639088029171,2.7027965585554,60.1136520881432,8.86620472100778,5.00204007339644,2.59216,winter,afternoon,0.0399999999999999,0
11,30.4233942853568,12.1430396031615,3.75306352163794,67.2421998590822,8.70344374071792,5.11790709144756,2.7664,autumn,night,0.0199999999999999,0
6,35.1294411936084,12.7297574619558,4.88071396992239,91.058581482848,10.0800924114002,5.05660928028865,2.806,summer,night,0.0399999999999999,1
7,28.423844315565,11.6448199120399,1.34156325926375,59.1398289047512,8.26817849309656,4.91335579216344,2.35384,winter,morning,0.03,0
10,31.2055798850673,11.7220758138164,2.4208265052939,51.160044097171,9.02787089239036,4.91324481101249,2.6212,winter,night,0.01,0
4,29.89861431008,11.6463865717851,2.54378308097584,59.9944858964706,8.34156624579794,4.91495641981396,2.37224,summer,afternoon,0.03,0
6,30.6307835791418,12.2765633416641,3.63325972206655,74.7533923656674,9.51834678432834,5.08018463158945,2.8184,summer,night,0.14,1
4,30.3470824224573,11.9174586417886,2.54990354756903,61.6931696549678,8.62705260204325,4.90911965777114,2.47672,spring,afternoon,0,0
4,39.4294383618099,13.9662846724972,5.99305437231093,100.752034846521,11.2893173330143,5.05409395905299,3.3024,autumn,morning,0.14,1
3,32.4002163528593,11.6272606155045,1.22563729350749,63.6608274371797,9.2958435696473,4.80408055429006,2.38148,spring,night,0.02,0
8,31.4699077528868,11.6243803846392,1.82461332571856,59.6731938463944,8.89032583211224,4.98419425182019,2.45992,summer,afternoon,0.03,0
9,28.4776409873399,14.6638244871063,4.35180647215743,78.5776024498914,8.28903634049723,4.8599401132639,2.8284,winter,night,0.0199999999999999,0
8,36.062249187897,12.2595176814397,4.72347023250856,95.7997724596127,10.2032950486348,4.87411670458863,2.9108,autumn,afternoon,0,1
11,33.6111983429871,12.8623708285378,4.95384515087956,76.4156904998775,9.71116761395088,4.96144733085075,2.9308,autumn,night,0.0399999999999999,1
7,32.7028203102757,13.6457447125693,4.33844818397334,68.189923689537,9.22835553560783,4.80587506634896,2.802,winter,morning,0.07,0
2,35.0391667216525,12.1537046197596,4.26675592042706,74.6244058920692,9.93333164706458,4.99261345265502,2.9756,summer,night,0.0399999999999999,1
2,30.1249432823563,11.7282025182436,2.33671185503739,59.0460543125331,8.60496084363629,4.947938318168,2.47844,winter,night,0.03,0
3,33.345831263885,12.222208044364,4.4990228275653,74.1932398659293,9.32988683910532,4.97409747708783,2.7692,autumn,night,0.0199999999999999,0
4,33.5454046965965,12.2114033909626,4.26557827215656,68.3151506598697,9.44723572502171,4.93881033341623,2.7904,summer,night,0,1
6,29.7587292955735,11.8045131182736,2.72938181707877,65.7531068052605,8.67418732677032,4.98535765470344,2.51548,summer,morning,0.01,1
9,30.3087437316991,11.6629887379677,2.23464565916186,66.6369460705472,8.71727330827195,4.88272120703704,2.46176,spring,morning,0.03,0
9,31.5567388119209,11.6123983084362,2.24825776809986,66.2837200934505,8.98323798862836,4.96057565236929,2.45536,summer,night,0.01,0
2,29.566238887082,11.6396415691743,1.1563738926253,58.6132055362055,8.51892014545858,4.91795900503777,2.33652,winter,night,0.02,0
10,28.8074259991849,11.5205618808928,0.827954965162143,50.6739362791486,8.1675546219225,4.92157135576283,2.30316,autumn,afternoon,0.03,0
1,32.3111771585195,11.5686839937061,2.13325682890312,58.6132055362055,8.97569816228149,4.94146042064608,2.43208,summer,afternoon,0.03,1
3,37.1469313022845,12.5238596518831,5.04843313460432,88.3502885520687,10.5507633904242,4.99060110667737,3.112,autumn,night,0.0299999999999999,1
9,34.0969789580356,11.8392616473003,3.40985761937437,62.5615092108341,9.51616886983448,5.01131683685039,2.6516,autumn,morning,0.01,0
6,33.1958293107142,13.418069592967,4.73169838810663,64.5289418072904,9.44652474467635,4.990843311697,3.19,summer,night,0.21,1
3,35.7430333766283,12.442294513939,4.52629929011456,90.3202209933655,10.2110724521548,5.00793156856415,2.8696,summer,afternoon,0,1
1,38.2411892513996,12.8005610744357,5.1749599693296,101.099422158326,11.1522812674651,4.98326679193918,3.2372,summer,night,0.0599999999999999,1
4,35.2889755826548,11.8517584845135,3.48643556626343,76.9219371062396,10.1634800856355,4.92136723098537,2.6544,autumn,morning,0.01,1
3,32.3759983829845,11.5898946932771,1.5161788944382,58.7938176534073,9.19387605232221,4.86556304765897,2.40416,spring,night,0.02,0
4,32.9132836459271,11.9275355986712,4.0181085466199,65.6932713081241,9.32691705550764,4.93680551906429,2.6276,winter,night,0.02,0
6,32.874586417939,12.267011074166,3.55280047147582,73.7124832278653,9.29925600563268,4.95710961932208,2.69,summer,night,0.01,1
4,31.5567388119209,11.7399261945884,1.91514770532744,59.1398289047512,8.93342099269853,4.95824928704299,2.4312,summer,afternoon,0.01,0
6,27.1386569212326,11.6849318683281,1.30504380587765,59.2951493850912,7.7818665423838,5.06476742061464,2.31112,winter,afternoon,0.01,0
4,30.9261831107661,11.6798310935889,1.84684459868398,56.9678337131056,8.80012906917717,4.89988920567946,2.4276,winter,morning,0,0
10,32.544506668461,11.6655899620649,2.88516523033693,52.3040730147172,9.20738875361649,4.92452749950873,2.51644,autumn,night,0.02,0
5,31.0260701801294,11.6977685752906,2.58241562871904,65.7605736711304,8.84111584734021,4.96965525367058,2.58128,winter,morning,0.01,0
9,32.1393365132225,11.9895236232204,3.3818342330531,61.848103216285,9.17920652491669,4.97479609458931,2.5636,summer,morning,0.01,0
10,32.8279844176222,12.0892487423851,3.83507277412573,66.5366593274659,9.42292933311418,4.97189171605915,2.826,summer,morning,0.0299999999999999,1
2,29.698275767214,11.8151740018375,1.88128771998536,47.211418843854,8.45182411105307,4.98974287350596,2.51864,winter,morning,0.0599999999999999,0
2,36.7831000344312,12.1164058031775,4.33549279838299,85.9293749262447,10.3624314722495,4.97380941731991,2.906,summer,morning,0.01,1
10,36.3558059010894,12.818584731226,5.23679324679409,91.0838526244645,10.4268995169789,4.94407769786753,3.172,summer,morning,0.07,1
2,30.4613690005924,11.5549278214017,1.5356460237997,65.9389472057671,8.77230390285535,4.86532143613653,2.37048,winter,afternoon,0.03,0
3,29.1188528733004,11.5656617350957,0.871629931356019,52.7382434653774,8.35279108131396,4.96408163330743,2.29524,summer,afternoon,0.03,0
10,30.5463752592532,11.8256079191684,3.37779864514804,69.1010810890573,8.84147609931187,4.93697716614147,2.604,summer,night,0.01,0
5,36.9443255312201,12.3792911008072,4.52236615217047,106.036225116046,11.5254001561567,4.99640945268072,2.8636,summer,night,0.01,1
1,36.3789831173723,13.1613963915656,4.73710304125817,90.8254292027572,10.5744114206938,5.02701500896575,3.2028,summer,morning,0.15,1
3,35.4714168425058,12.668597089,4.89108026818174,92.0653675739699,9.97872222692151,5.00554142385135,2.73,summer,night,0,1
5,31.285491390147,12.1497026885763,3.35972234391792,66.9910629701963,8.84159376604572,4.94724609457269,2.5706,winter,afternoon,0,0
2,31.3648742595716,11.9996809816745,3.59804524860106,59.3054613213857,9.049805653579,5.01942735056611,2.7628,winter,night,0.0499999999999999,0
5,32.6713242292025,12.1986014710808,3.36601223902913,68.6539209744305,9.40272991085236,4.90745806725339,2.52876,spring,morning,0.01,0
7,32.2214723575021,11.7614216781483,2.48037556269636,50.2731212614797,9.14956652555162,4.85419184100552,2.6216,summer,morning,0.0299999999999999,1
6,38.7459138686564,14.8234893180919,6.08904487544685,109.106422307154,10.7200026421421,5.03450395212153,3.0992,spring,night,0.07,0
6,30.2606474749286,11.7825787812413,2.33856513702328,64.8674659293718,8.8860884401989,5.02525313581276,2.44508,autumn,morning,0.01,0
9,30.5369598017282,11.639280500543,2.64165528521491,73.1838628748715,8.69666639233003,4.83686045028775,2.5316,spring,morning,0.03,0
2,30.9898437375224,11.757596024179,3.25160848884063,66.8147882525008,8.99137094196986,5.02597028222042,2.632,autumn,afternoon,0,0
6,31.6686879553831,11.5771686142812,2.02428593215575,61.99283473889,8.94654436392998,5.01338832320795,2.43684,summer,morning,0.03,0
10,33.0897010131568,11.7836328531304,3.01124496081558,68.0639076864966,9.4619780353194,4.88702949952487,2.7004,winter,afternoon,0,0
2,30.7331494577466,11.5750905347797,2.04226843057099,66.3925145593669,8.57963580795627,,2.39064,winter,night,0.01,0
11,30.0663112438888,11.5117916736312,0.512918225816873,55.5390835949884,8.73067273311504,4.92742951668104,2.26668,autumn,afternoon,0.03,0
4,34.9937735305338,12.9593884168707,4.86156840556504,96.292408203406,10.3626242181229,5.04562667282617,2.8884,summer,afternoon,0.0499999999999999,1
6,33.6403245708784,12.4882493262191,4.48788073746638,103.579412178309,10.3350540751415,4.97566162021085,3.0536,summer,night,0.0599999999999999,1
3,29.4120611773478,11.8952083283003,2.57639400106907,66.715391526794,8.39101953140222,4.94196450807772,2.51704,autumn,night,0.01,0
3,33.3309151650098,12.2881854859263,4.03351366926499,83.2929537212905,9.76424472820821,5.1422033050364,2.8104,autumn,afternoon,0.01,1
5,34.863124444679,12.267011074166,3.80474909026864,81.6791493867123,10.0878798033814,4.93347352924871,2.8956,autumn,morning,0.0599999999999999,1
9,31.7370642087588,11.7811530467331,2.81779949258851,55.0349611273586,9.1848568889023,4.91050765451769,2.49132,autumn,afternoon,0.0199999999999999,0
11,34.1109731287178,12.1583774108003,3.76792445891848,75.99051948402,10.1297417944902,4.97003714468461,2.7248,summer,night,0.0299999999999999,1
5,33.3607288449418,11.9695272491992,3.24062591564595,66.2400360571537,9.68923242572175,4.99567608015732,2.7008,summer,morning,0.0399999999999999,1
3,27.495862808584,12.0379688504266,2.69867497028582,65.4975602996697,7.83137132749818,4.96271629323631,2.39144,autumn,night,0.01,0
8,33.6330496388581,12.756487205528,4.61686554614015,84.363665982514,9.92974247735309,5.08566516024904,3.0484,spring,afternoon,0.0599999999999999,1
1,40.1651174720275,14.2104070186255,5.75719030502056,125.94955152489,11.7192779110518,4.90439821077773,3.25,autumn,morning,0.07,1
10,31.1877492725742,12.5038898598391,3.52160282296066,68.8019506123942,8.84465158460192,4.94130072766134,2.7368,autumn,night,0.0599999999999999,0
9,28.2928312495067,11.6037303177499,1.95443873095847,52.2601330483063,8.11031031445118,4.99742320556817,2.48888,spring,morning,0.03,0
7,28.4069832758372,11.59340937131,0.90655307206402,61.8026589795095,8.26800865815128,5.03582104654266,2.3,autumn,night,0.02,0
3,33.5233930731823,12.8965671252665,4.74007867877936,76.5336591652226,9.63259545368507,4.96035039033075,3.1572,summer,afternoon,0.15,1
3,30.3470824224573,11.5867396846886,1.26826692466118,46.9090598644244,8.69253561427312,4.87068713878673,2.3886,spring,afternoon,0.01,0
2,30.2413548662714,11.6264203667395,2.09456823044737,62.1633540576756,8.72139012353526,5.01413381509707,2.45608,autumn,afternoon,0.01,0
4,33.0362828009393,12.4373682443152,3.96542771339109,78.4196549359924,9.36177376044793,4.992267482085,2.6432,winter,afternoon,0.0499999999999999,0
5,30.0172314208705,11.5060935001458,0,63.4021132099754,8.43735901131519,4.86598426739948,2.2,autumn,night,0.04,0
7,35.6388181622336,12.4662848381064,4.6306532706292,91.446740577857,10.1948878359427,4.92475837354825,2.8652,autumn,night,0.0299999999999999,1
4,27.2295806008179,11.5060935001458,0,50.2893090405909,7.7417353175435,4.93834606434817,2.2,autumn,afternoon,0.03,1
4,31.0531684227325,11.7364859356643,1.94468810223212,59.2228165756874,8.82115768419586,4.85595577310333,2.3926,winter,afternoon,0.01,0
9,31.107182017302,11.871667856554,3.10474610105448,61.7753427904236,9.03682182480557,4.96874365819335,2.682,autumn,afternoon,0.01,0
2,37.1415002091843,13.2173636703905,5.52895877909212,88.2462665455751,10.712639027897,4.95955023925557,3.3612,summer,morning,0.24,1
2,30.5086690224164,11.7210350485182,2.55323410620715,71.3172800643478,8.90407944914317,4.96723808869432,2.47872,autumn,night,0.03,0
6,32.8201997919843,12.3758120899038,4.04643650713108,87.1623617924441,9.26008535497394,4.83650287269098,2.6084,winter,morning,0.01,0
3,32.0483329747013,11.7444760101045,2.65065596221917,65.3304495667111,9.07551645316763,4.91862339187152,2.51644,winter,night,0.01,0
2,31.8979131778649,11.7008154981501,2.57968077255654,72.4066582315765,9.33379832269672,4.89955773124052,2.6004,spring,morning,0.02,0
7,40.4529810930904,13.8177707533194,5.64927936362569,125.328824941244,10.8950862180061,4.92056506738705,2.838,autumn,night,0.02,1
5,34.6911259102544,11.9310481597554,3.69938144658832,84.8150209463186,10.1080034726219,4.87718566575377,2.6384,summer,afternoon,0.02,1
11,30.5086690224164,11.7343370174933,2.87951949617152,58.7408655441062,8.69368204987921,5.02312609753583,2.6396,autumn,night,0.03,0
9,31.52208174812,11.8603172607387,2.80218965724975,50.7373277743742,9.0362489943293,4.94836143640841,2.59132,winter,afternoon,0.01,0
8,33.7849046330725,11.9082922207112,3.63552088680712,74.7438662878497,9.93214408055319,4.99407918114821,2.8164,summer,night,0.0399999999999999,1
5,30.144423806115,11.5147983833373,0.572330035466789,57.9071859881441,8.65214269878981,4.95653487386561,2.24444,autumn,morning,0.03,0
7,31.0531684227325,11.5516782079357,1.22865112541088,53.1210981196766,8.85009686890468,4.90990522978185,2.35932,winter,night,0.03,0
8,36.6083259795356,12.4303383492141,4.74657249217491,92.1114021201884,10.426505345434,4.93685703368464,2.8512,spring,night,0.01,1
8,37.179466342549,12.1945652004893,4.51946309308119,91.0754324580418,11.0133661250078,4.96747762308063,3.0036,spring,night,0.01,0
6,36.6366880820791,14.3219192075978,5.65986700084512,95.3117381478799,10.2964611788861,5.0462562053839,3.2032,summer,night,0.16,1
7,33.7561276408644,13.7958094931526,5.37404434243878,98.7612920252284,9.99180273921319,5.07503046665453,3.1848,summer,afternoon,0.11,1
6,34.8104639103604,12.0677434271162,4.02662259433202,76.7546080169258,10.1410647710242,4.9956928584263,2.9936,summer,afternoon,0.01,1
5,33.345831263885,11.8237944502055,2.92378455286954,68.6215951228805,9.61419125261177,4.88863729209889,2.812,summer,afternoon,0,1
6,28.6695563327308,12.3376891493863,3.09250073397154,66.9840417308755,8.25108819351904,5.02286405136316,2.5964,autumn,night,0.0199999999999999,0
3,29.0550794725385,11.7681547425455,2.46130302977587,42.3876629754557,8.24420487723323,5.1092094004645,2.53332,winter,afternoon,0,0
8,34.3189506049375,12.6840101605074,4.56744079097097,69.6801098569894,9.7706141378509,4.97689046620425,3.014,summer,night,0.08,1
7,30.1054310829353,11.701059335649,2.6374056156213,53.0225410740518,8.58888696768769,4.89822731311485,2.55,summer,afternoon,0.02,0
10,35.3522001756967,12.1898601201866,3.95279551431831,72.0936459062636,10.0200342919908,4.93456065222605,2.814,autumn,morning,0.01,1
10,32.3759983829845,11.5852522099914,2.37527464113779,68.4395984168937,9.28928757150358,4.89235981315298,2.4356,winter,afternoon,0.03,0
6,29.297725102328,11.6846280983322,1.5713041111941,63.6691175927388,8.50229636451872,4.92619830243652,2.32812,winter,morning,0.02,0
3,30.7146023134052,11.6610538655631,2.04870275247453,59.8645828667175,8.94853520807751,4.93603686176031,2.47504,spring,morning,0.01,0
8,33.8422524124687,12.1266845226412,4.04748775551271,80.204761058502,10.0042158448721,5.01046947508748,2.924,spring,night,0.13,0
8,29.4636741601405,11.6473509273644,1.91514770532744,57.4033810115729,8.65907167438257,5.03995613284224,2.44544,spring,afternoon,0.02,0
2,35.174325028997,12.6146127834703,4.44784959163702,76.1110152183526,10.2127385555876,4.92903949217445,2.988,summer,night,0.0499999999999999,1
8,37.4207074354785,13.4822002895431,5.6099713268627,88.1319457721617,10.8197058363108,5.04787294236489,3.1688,summer,night,0.13,1
6,33.8064421799848,12.2581563758609,3.94091456482518,53.9869152094413,9.46505414319835,5.11412498055008,2.7808,winter,morning,0.0199999999999999,0
7,29.7687753405302,12.1590452929222,3.78477426521753,57.7740740159094,8.6411550490996,5.15620890257655,2.7696,summer,morning,0.01,1
2,36.6366880820791,12.9393981323777,5.20758712031264,,10.1093173118555,5.05743944664585,3.0692,summer,afternoon,0.0199999999999999,1
9,28.6387023212427,11.6099457403175,2.15706258522212,51.8003426838123,8.2575754271441,4.98742110824592,2.42352,autumn,afternoon,0.02,0
5,34.817059128993,12.6102580042308,4.37134292121843,85.1037417467786,10.5358950444347,5.07036586447797,2.9596,spring,night,0.23,0
4,29.8787302955885,11.7499537597014,3.3136140325071,51.7552807045542,8.41200955440275,5.00075680645587,2.58056,winter,afternoon,0,0
7,30.9807700130825,12.0099235676394,2.29676046419011,52.171962442611,8.71199397177697,4.99569719970807,2.52352,spring,night,0,0
2,24.9247646027265,11.5060935001458,0,47.6519406192686,7.42692639447629,5.02982395017993,2.2,spring,afternoon,0.02,0
11,32.2623304153602,12.0877990876192,3.8772830717046,79.009483836048,9.43011455231884,5.14136836146467,2.8224,summer,morning,0.0499999999999999,1
2,31.796575489071,12.082991780827,2.99129577624449,63.3853064862973,9.05378186719274,5.00551423887914,2.58888,spring,morning,0,0
2,31.8473513053081,11.6710995675206,2.23399514687771,58.4417146677138,9.08190354806889,5.02152137421729,2.4402,winter,night,0.03,0
2,29.380986494467,11.6241404446672,1.48803584095036,52.9518446413019,8.23326532786991,4.8191329963021,2.28888,winter,morning,0.03,0
6,26.6252232828112,11.5999095210624,0.925166046747676,44.3949362937008,7.68525961422898,4.98070942149195,2.30256,autumn,afternoon,0.02,0
6,32.1640363504163,11.7505080346774,2.28157051775522,66.4719227127721,9.07923854509505,4.8834901502363,2.44756,summer,morning,0.01,0
2,31.223384042636,11.5323280896236,0.987524764155247,52.3333127860072,8.84604952079272,4.86492069647997,2.31136,autumn,night,0.04,0
5,31.5394227916002,11.8786803647482,2.09874941663921,74.8673527879601,9.17128435055895,4.85904585905396,2.42404,autumn,morning,0.01,0
2,32.921008139274,12.5719354017658,4.23734362564767,70.2607372683538,9.59623648146456,5.12354880132644,2.8848,spring,night,0.18,1
8,31.5047156090544,11.5601733444407,1.68491598657686,62.5264368651519,8.93712425202187,4.90387301857958,2.3596,autumn,night,0.04,0
7,36.8723197762814,14.0987434175498,5.55879894472197,89.3686732482924,10.3459837435362,4.99851366865492,3.26,spring,morning,0.32,1
10,34.1179640989126,11.9119822302093,3.70156911771824,55.3389568469939,9.45824760620076,4.93787863703367,2.7004,autumn,night,0.01,0
9,36.1864188102021,12.8752663177568,4.57148855596325,82.3514537668262,10.0913577139435,4.9717558108957,2.8256,summer,morning,0.0199999999999999,1
9,31.3912189463329,12.215452552176,4.11643784117201,72.4654739403188,9.40752828845204,5.11677920721713,2.8864,autumn,morning,0.0599999999999999,1
7,31.7880919256211,12.1865019193035,3.00328914921974,66.9277829033432,9.07928876835412,4.97030914793381,2.6724,autumn,morning,0.0399999999999999,0
3,30.7238794688731,11.622880959822,1.70111731158167,58.322955884223,8.74788210120756,4.84326505787371,2.45184,winter,afternoon,0.03,0
5,35.4901327288055,12.2147774767594,4.24592732981076,80.1139096258156,10.4073748556979,4.93676149593714,2.9728,summer,morning,0.01,1
3,32.5842813154158,11.6104839995217,2.62567224863486,64.3134138783851,9.16180439261111,4.9716778205857,2.4356,spring,night,0.03,0
10,29.8588132785681,11.718219987645,,50.8005189801816,8.54634571594345,4.87612520479622,2.47016,winter,afternoon,0.01,0
4,31.8389035752866,11.7667950234663,1.48235939437727,53.5655608553708,8.92162686876566,4.79620959697935,2.3988,spring,morning,0.02,0
6,31.0079706291868,11.6074346774501,1.62495059969569,58.9308405872644,8.98192654161518,4.9762712433674,2.4534,winter,morning,0.01,0
4,32.7028203102757,11.653141179741,1.72223683201167,61.4167949208159,9.47273441354694,4.86408515920563,2.5012,autumn,afternoon,0,0
3,31.9231144471903,11.7058776676718,2.45315637900061,61.8026589795095,9.04736356274466,4.88175258453666,2.42456,spring,night,0.01,0
2,36.8445097985971,12.902667085735,5.29817840926755,89.7232279881178,10.6077331281488,4.89580975977927,3.0592,spring,night,0.0299999999999999,1
10,30.480311388109,11.7632738842701,2.82846101529161,67.0471443248536,8.8210159516836,5.06078409997216,2.5926,winter,morning,0.02,0
7,32.7655655512693,11.8533306778639,3.4367807576973,77.9544244143457,9.42535506561245,4.97119307972226,2.6348,spring,afternoon,0.02,0
5,34.4488294005517,12.4903795397332,4.62809986984044,92.8107465965076,10.7663020501205,5.21091993565233,3.038,summer,morning,0.0399999999999999,1
7,30.5557833349997,11.6040289483086,1.49181120780999,67.6674559349921,8.76530514728526,4.91090213364429,2.3486,winter,night,0.03,0
5,31.5480839251411,11.7392502360904,2.38856774143412,61.2210347934927,9.02046706080565,4.97031399542299,2.51704,autumn,morning,0,0
7,32.2460038822294,11.6580322021112,2.20977622877213,54.1610040220442,9.02469092186631,4.89329994954273,2.47948,spring,night,0,0
9,35.0585685043754,12.1214431534767,4.37335308387579,82.5749197787887,9.9644976051255,4.97724830853283,2.7824,summer,morning,0.0199999999999999,1
4,32.6713242292025,12.8238520533489,4.05063818934871,69.7597302346909,9.3093181596871,5.05453145198815,2.9088,summer,morning,0.37,1
9,29.6171943776594,11.7223819640697,1.74728935165004,61.0800236335593,8.8721361697615,5.00909956147236,2.4994,autumn,night,0.01,0
4,30.9444063488923,11.5722420985482,0.813711581520064,56.451373090896,8.88680663002962,4.84869844922101,2.27408,winter,morning,0.04,0
3,36.2099251840261,13.0345566345892,5.10960957689154,84.6066254284337,10.3780370810473,5.00620927696996,3.024,autumn,afternoon,0.0499999999999999,1
6,37.7659797277704,14.8194579476777,5.90160290347574,102.833271130053,10.8499929883036,5.06318212164875,3.364,summer,afternoon,0.2,1
4,28.1431364072938,11.6673450787358,1.74894841437478,68.9870484709841,8.4031359513943,4.99974099814694,2.40208,winter,night,0.03,0
2,33.2109141649948,11.8417082834253,2.87102089981421,63.8177557665606,9.48632531279237,4.94816207524439,2.6588,autumn,morning,0.0199999999999999,0
11,32.0566346007674,11.5810303559107,1.49369622208715,55.3389568469939,9.15741306718076,4.88250711346264,2.43124,winter,afternoon,0.02,0
2,37.2926493060245,12.7870795650326,5.20169436413451,73.8075666047535,10.3672682137009,4.90875023192734,2.9864,summer,morning,0.0199999999999999,1
3,29.9778225184563,11.558765284855,1.45469379703046,59.9046429702462,8.51929015074038,4.96525944186872,2.37224,winter,morning,0.03,0
1,31.8473513053081,11.6841421064906,2.89640911097052,58.7302582778804,8.97078686073904,4.88044855776682,2.51832,spring,night,0.02,0
5,30.8254576052244,11.9082286237503,2.6342124270771,60.7662544217822,8.74271805995637,5.05551004932043,2.46192,winter,morning,0,0
8,35.3395818780041,12.2438836181395,4.33025331705623,90.1599654847164,10.1546667677203,4.87077236347199,2.7956,spring,morning,0,1
7,31.2677792098095,11.5130818645635,0.86570667181145,67.5517503204604,8.83693764538527,4.81574070223513,2.2654,spring,morning,0.04,0
10,25.9998097890386,11.5060935001458,0,60.0541577458083,7.67644509044169,4.91358082854462,2.2,spring,night,0.03,0
3,31.52208174812,12.6124349766191,4.11338944733912,65.2616815906504,9.11331247023713,5.01380087353351,2.9908,summer,morning,0.12,1
2,30.2220311905982,11.8821587037294,2.41608013700278,63.3684856274421,8.59791939977942,4.86614832621719,2.45184,winter,night,0.01,0
3,32.5285598222603,11.7174858946556,2.73546701447096,70.3736815423565,9.12748421783397,4.8900284641701,2.49812,autumn,morning,0.02,0
3,35.3269502978903,13.6440291834171,5.49739446003733,100.790932751814,10.5371370460067,5.04932373231178,3.2616,autumn,night,0.18,1
6,36.6819284749656,12.4479299301716,4.53001829945064,89.7434925550077,10.6246592626468,4.96966432149151,2.8292,summer,night,0.0399999999999999,1
3,32.3759983829845,11.7756400021959,3.09038186524915,60.3204995364351,9.00719499083709,4.91385518632192,2.59972,summer,afternoon,0.01,0
9,35.9487872826479,12.081543880365,3.77215023773174,88.1904039796561,10.1857905638155,4.83413862032783,2.6872,autumn,night,0,1
10,34.5368907610291,12.0259770794098,4.03958989083319,84.4899049337429,10.1413668821894,4.91632707505025,2.7896,summer,night,0,1
11,36.7998793426883,12.4889593067178,4.81199079617539,92.3814618231417,10.6000993020185,4.93958922007173,2.8452,summer,afternoon,0.01,1
1,32.9132836459271,12.0517549358705,2.72582354952435,63.5943821933401,9.31711377036866,4.85623153240543,2.58376,autumn,night,0.01,0
5,29.4739701710682,11.5060935001458,0,62.6924854484122,8.3873431611127,4.85502937086549,2.2,winter,night,0.03,0
3,37.3941411195583,13.1789321669788,5.39022129771433,101.465941104419,10.687361449108,5.0139117730615,3.0864,summer,afternoon,0,1
3,32.5205784451786,11.5923963973744,2.1188361655689,62.7706614437132,9.34047005014756,4.94534151373812,2.51852,spring,morning,0.02,0
4,33.1656025944804,11.7059997135739,2.70125195814396,64.3134138783851,9.23956853540049,4.95939584960641,2.51884,winter,afternoon,0.02,0
1,31.5653874609439,11.8830444880102,2.40535944426904,57.617648637501,8.92600983081313,4.93564111012845,2.45972,spring,morning,0.01,0
1,33.3681707056454,11.7884721062351,2.62887909058327,76.7373666365477,9.63355136885253,4.94074186550223,2.463,summer,morning,0.03,1
11,37.4736642734096,12.2425263010258,4.48450485313283,108.330894958254,11.3088875374739,4.93581900051702,2.928,autumn,afternoon,0.01,1
7,32.1804747091513,12.0392087334069,3.39571303235607,75.7473280165718,9.50333495657447,4.94709769295093,2.6736,summer,morning,0.01,1
2,36.0741303769864,12.3487518710285,4.593206042633,92.7914322541085,10.7285469267457,5.04956957585002,3.0364,summer,afternoon,0.0399999999999999,1
1,28.2210736440059,11.6822593547783,2.23919333044075,56.3081743884542,7.94316551468017,4.91674613118935,2.44908,winter,afternoon,0.03,0
4,31.1877492725742,12.5281481915112,4.40348548058508,66.7793461025204,9.23328012043434,5.04857233619506,2.8964,autumn,morning,0.11,1
9,34.9612443699259,12.6030074521096,4.0451216691375,81.729607743306,9.67864194622982,4.96840772492175,2.6396,summer,night,0.01,1
8,32.0732206434908,12.1717512482059,3.71464512942721,59.4287916196989,9.26864040414918,5.03955764939583,3.1032,summer,afternoon,0.07,1
2,30.4328992363488,11.9444824084404,2.20053528823955,63.6691175927388,8.73177821619139,4.9494541693332,2.4734,spring,morning,0,0
10,34.8828127181685,12.3094438179817,4.46071275099514,70.8944071682866,9.98926487742777,4.98956048109159,2.9428,winter,afternoon,0.01,0
5,28.4854662240045,11.5060935001458,0,51.6950396951543,8.25343166868201,4.98340249968482,2.2,spring,afternoon,0.03,0
11,39.1982697400266,13.9402670365968,5.92434686821242,95.9158109119348,11.0003952216528,4.95077169006525,3.3468,summer,night,0.15,1
6,33.4349405842472,13.2681642535811,4.67836693770323,63.2672622987588,9.57463420405766,4.93384853183723,3.1424,summer,afternoon,0.26,1
3,30.0761031660968,11.5358231742486,0.893242085776041,46.7049175046719,8.51263043074832,4.8639452755128,2.31328,spring,night,0.03,0
5,31.0621875888842,11.7075865927045,2.36250281728817,60.5833409928046,8.98137160810853,4.97942862563556,2.5464,winter,night,0.01,0
7,31.5653874609439,11.7971078150609,3.67199022742225,71.3172800643478,9.0622507640033,5.01699931937019,2.6384,winter,night,0.0199999999999999,0
8,37.6311468485673,13.1861201209951,5.53521230179064,97.5344575301998,10.8170944750942,4.98700651131506,3.1728,summer,night,0.0599999999999999,1
9,26.0423508593796,11.5060935001458,0,60.0640857678538,7.82272966985172,4.79466577385454,2.2,winter,morning,0.04,0
6,28.1074375181472,11.627380663242,1.6214185899477,65.2922743308411,8.40566382880369,4.98257034910876,2.3508,winter,morning,0.02,0
3,31.7626051903767,12.0444325875359,3.60723463135767,55.5639592200858,9.17039175107977,4.99087750626989,2.6504,winter,afternoon,0.08,0
11,30.3757562712259,11.8383209566832,1.76710784577557,61.1741414543076,8.78757356748155,4.94510780296413,2.46656,spring,afternoon,0.01,0
4,30.5557833349997,11.6658320086694,3.00550227326985,78.2844117794327,8.78197478924926,4.93136984970689,2.4864,summer,night,0.03,1
5,31.0260701801294,11.5060935001458,0,71.742470903191,8.76736587502724,4.84501999934697,2.2,winter,afternoon,0.04,0
9,29.678056722835,11.5060935001458,0,61.5185763109654,8.5257431718451,4.88067711502469,2.2,autumn,night,0.03,0
8,28.5289708033763,11.7666714315058,2.03581334158925,63.4524488070148,8.28852652528817,5.01541087508545,2.41336,spring,afternoon,0.01,0
5,30.9716894224108,11.923961699443,2.51628931093627,60.8523171890568,8.82017510556954,4.9079391358201,2.5656,autumn,morning,0.01,0
6,31.7114687493571,12.1034372428645,3.76490056962154,62.3324318165889,8.79544923852965,5.00342311603279,2.7032,spring,morning,0.01,0
2,26.6551988617975,12.3473677950933,2.29802110085335,48.3361247416814,7.80311991529273,4.99509103521848,2.51516,spring,night,0.07,0
3,32.416334555417,11.6380169770657,1.69260666044139,54.2009640752977,9.24516479944291,4.76154025590368,2.44888,winter,night,0,0
8,35.5274771572851,12.5217166140836,4.68257907787781,84.4957571649478,10.1431254618017,5.05687882190918,2.804,summer,morning,0.01,1
5,32.0980568027532,12.0362726548321,3.69656520580381,60.2025630767545,9.08329053599845,5.04459651596029,2.7812,spring,night,0.01,0
3,35.990713953699,12.9194741759019,4.77781738420105,93.2499050521472,10.3938883978367,4.90135206716065,3.1972,summer,afternoon,0.23,1
10,31.6257540992085,11.8805140945282,2.94030598688426,58.5383591510726,8.92541086782941,4.93963250742079,2.6224,summer,night,0,1
11,30.7238794688731,11.9070840169022,3.12401730168476,62.6314699293081,8.80054925795707,4.90718022355515,2.662,winter,night,0.0199999999999999,0
3,35.9607812866449,12.4500446957151,4.44311229398717,81.4317515019897,10.3405651330751,4.98001035878073,2.9824,summer,afternoon,0.0299999999999999,1
2,32.9518564853112,12.4198103205302,4.55055446920349,61.8662520378571,9.49836393211699,5.09894482953063,3.2804,autumn,night,0.18,1
3,28.5401004647195,11.5462062643829,1.16327582533494,60.9380112025678,8.27627412914486,4.98361215623775,2.29524,winter,morning,0.03,0
8,28.4899354977992,11.5710557624015,1.7497774299307,57.1179065673238,8.33947277340467,4.99421744382582,2.40636,spring,morning,0.03,0
9,30.1151911485405,12.5067383172085,2.68937022359838,57.1179065673238,8.41710485423526,4.93663218673013,2.6872,summer,night,0.09,0
9,33.4939812937526,12.6037320905953,4.54400580889653,75.9097837834439,9.98543023363937,5.0638104157295,3.0096,spring,morning,0.15,0
7,31.107182017302,11.6632911328609,2.1359918720644,46.5006256364775,8.83290726859843,4.91138952341118,2.53768,winter,morning,0.01,0
2,28.6387023212427,11.8804508511976,2.77804846008873,50.941973400889,8.26888406933493,4.99702563205419,2.58996,winter,night,0,0
4,30.4992239215745,11.599611152096,1.5226890141133,50.1594384543799,8.6225599736788,5.01694103981181,2.42964,spring,afternoon,0.03,0
5,32.997980821406,12.1274811419197,4.16434282120862,75.5744031622745,9.2242045435188,5.02259744455467,2.7588,spring,morning,0.0299999999999999,0
10,36.8222153193557,12.5110137324221,4.45793274520138,85.25641424388,10.5749073585497,4.98043276111949,2.8252,summer,morning,0.0199999999999999,1
1,30.7793922895384,11.7553760605879,2.09596293064336,56.8516218811963,9.01691150276988,4.94465289106833,2.50528,winter,afternoon,0,0
2,36.6253512838812,12.2337121757338,4.3220247340203,86.5751541158908,10.2551607120039,4.91920712310954,2.77,summer,morning,0.02,1
2,30.6867277364115,11.7282638246345,2.76511952396565,65.1849943801295,8.79618278705699,5.021445317615,2.44168,autumn,night,0.01,0
7,33.2635623221504,11.6484963542781,2.71255142322821,93.4565766892381,9.14282839171403,4.86921931754136,2.31596,summer,afternoon,0.04,1
9,32.0566346007674,11.7584596178737,2.83810423551654,56.746450736127,9.20565680623659,5.1079837871063,2.7708,spring,morni7ng,0.0299999999999999,0
4,36.044405318438,12.7788561188573,4.72290798727223,85.1547621826107,10.3491315508568,5.13363487227929,2.9488,summer,morning,0.0499999999999999,1
9,29.6375161437354,11.597523099768,1.18790545432043,70.5272104923232,8.68928768617724,4.9589179143998,2.33056,winter,morning,0.01,0
6,31.196667890599,11.5482360940041,1.52361730375633,64.8518470297103,8.8965577421202,4.87849350678949,2.3072,autumn,afternoon,0.03,0
3,38.9251624845118,13.0768085180366,5.49739446003733,98.9610083780927,11.0776204984742,4.98447088124771,3.19,summer,afternoon,0.07,1
4,32.0897837931183,11.5222518366011,0.728264318255377,61.2584704618863,9.30749498021457,4.76970249388383,2.2884,spring,night,0.04,0
3,32.1640363504163,11.6243803846392,1.6045558319658,62.9002795253949,9.34179947282539,4.88718113198703,2.4074,autumn,night,0.03,0
5,37.4947817447635,12.9871771865375,4.93875833053384,101.226568168235,10.9222759737737,4.92743834605945,2.9364,summer,night,0.09,1
7,31.3472789485013,12.1730905088743,3.88755560106503,61.3424453928133,8.91465774558029,4.90300932006175,2.642,winter,afternoon,0,0
8,31.3384716086564,11.8353746218999,2.21306624431911,59.4185430927004,9.04572996841626,5.0034596465723,2.672,winter,night,0.0399999999999999,0
8,31.2055798850673,11.9989039058221,3.13648617000162,68.8659711536158,9.19283875235545,5.06563362202873,2.606,summer,afternoon,0.01,1
5,32.8435385351596,12.0302100915299,3.74329847324895,62.0018457775647,9.27557330439636,5.01732907736552,2.8396,spring,night,0.0199999999999999,0
6,27.9483871561067,12.1118366444316,3.65575714713829,60.9285077573902,7.99155215214784,5.15725567995855,2.61,autumn,afternoon,0.0399999999999999,0
2,33.2635623221504,11.9252377994847,3.15914580058644,67.694583779097,9.41542212867233,4.94577080170772,2.7232,autumn,morning,0.0399999999999999,0
5,28.9909653396126,11.8564765656524,1.44988494643286,63.3853064862973,8.48010755377005,4.85603970867888,2.34284,spring,afternoon,0.02,0
3,31.4262554675729,11.5888229427875,2.07634806238901,63.7600832240223,8.83029337492717,4.89721815876749,2.34448,spring,night,0.03,0
6,32.0815050759911,11.7925084866353,2.94669431081906,61.0800236335593,9.23169843695727,4.87308583193256,2.7128,winter,night,0.01,0
3,33.0286321790671,11.9595586322433,3.65799303334097,76.7459891846442,9.83658657596038,5.02404067206669,2.8436,summer,night,0.01,0
10,32.0317124734294,11.8617661659515,2.97114560019967,75.8647893887636,9.75556836312828,4.9912311541042,2.664,summer,morning,0.02,1
6,36.4252036848665,12.4578057701243,4.69154813064589,94.618427825873,10.9554159889209,4.97089901144535,3.1552,summer,morning,0.0299999999999999,1
6,29.3185946728055,11.9008568681426,2.79728649225414,60.8045502688108,8.44110633505656,4.95607675011295,2.44544,spring,morning,0,0
4,31.4611899900624,11.6660135516972,2.03796735364453,58.0942575033365,8.96597699497506,4.95433169366495,2.53248,winter,night,0.01,0
11,37.0487935449578,13.7940556204529,5.50120858616946,95.716473713627,10.3826958294731,5.06255387717362,3.2168,winter,night,0.07,1
1,32.464559670556,12.1157433571965,3.65383868176336,72.0773215957396,9.39787642909752,5.05877362925926,2.7496,autumn,night,0.0299999999999999,1
10,31.8979131778649,11.7187094451945,2.47172877015294,64.9142495764352,9.09524218359963,4.95134751241314,2.58712,autumn,morning,0.02,1
8,36.3500045956827,12.7356867828616,4.9638401741805,84.5833357605909,10.2338903861814,4.94344795437007,3.102,summer,morning,0.0399999999999999,1
6,28.5044491526363,11.597105600671,1.42273959515843,50.1594384543799,8.32160463378523,4.90321852714301,2.39464,spring,afternoon,0.03,0
1,30.7793922895384,11.7494611240874,2.15232404856651,53.9734607857923,8.81628930667143,4.92239405738483,2.48464,summer,morning,0.01,0
7,36.1097035255669,12.5849215413362,4.29132769150243,84.7313448522499,10.4479190607705,4.97877758563782,2.914,autumn,morning,0.18,1
7,33.8422524124687,12.9393981323777,4.68792718535267,81.7631760627003,9.92658665214487,5.12572681450139,3.0136,spring,afternoon,0.1,0
2,28.9587793569733,11.5699290220739,1.65037281355955,71.4581455572303,8.27621943076011,4.92074478937141,2.30316,winter,morning,0.03,0
6,33.2485435467231,11.6608120618296,3.11984367746565,64.6002713855731,9.25006296658507,4.88288636657816,2.5394,winter,morning,0.01,0
4,30.4708439319966,11.7583979275105,2.29107774529193,55.8723217886371,8.78172080760019,5.05527022517023,2.5248,winter,afternoon,0.0199999999999999,0
7,31.0079706291868,11.7390044564411,2.39818025618338,57.2554429259552,8.89453307571916,4.94884829239624,2.52844,autumn,afternoon,0.01,0
9,31.1609535785224,11.5680912397236,1.485199631541,46.0636982613203,8.90940893867769,4.80856940842309,2.36208,winter,morning,0.03,0
10,31.6171488639885,11.7029494967103,2.4332323935431,50.2893090405909,8.95911099277584,4.91488567520019,2.53552,autumn,morning,0.01,0
2,30.6774218034132,11.9110276561601,2.83328843737946,62.2347189862059,8.60189087673926,5.02986742519392,2.6552,autumn,afternoon,0.0299999999999999,0
3,34.915554894007,11.6783140571119,2.68054247981032,76.3146469021972,9.9713009659002,4.98244769633439,2.5294,summer,morning,0.02,1
8,36.2976662524764,13.2342517560244,5.2469154576855,91.7136301880846,10.8006773387603,5.04119185673217,3.0988,autumn,afternoon,0.0499999999999999,1
4,36.8612035179599,12.5726560709253,4.70350773156269,94.4945884209146,10.4101356917531,4.92313243182494,2.968,winter,afternoon,0.0199999999999999,1
10,32.2623304153602,11.8320542725348,3.12067909936585,66.2473233591108,9.30460409576303,4.96236520211319,2.7136,winter,afternoon,0.01,0
5,30.5369598017282,11.9167578360423,2.57474858756615,52.8382079719533,8.46004034627019,4.84722434567646,2.6224,spring,night,0.0199999999999999,0
11,31.4699077528868,11.6917413781505,2.69454487072828,80.018984292451,8.85974365387644,4.86533052098351,2.39092,winter,morning,0.03,0
10,27.3074989369352,11.5060935001458,0,67.9236967967722,8.10973498925166,5.02209931659673,2.2,winter,night,0.02,0
10,34.1807002278634,12.6884214964965,4.37959403399738,81.4556076861252,9.50917205747757,5.0479670528575,2.6188,spring,night,0,1
1,30.4043617674892,11.6230008962843,1.67030797319169,59.1086195356093,8.75113073617624,4.90007673074286,2.3926,spring,night,0.02,0
10,38.2708922368621,12.3494440414937,4.73001810796112,91.8720709923325,10.9277310590471,4.93119697294516,3.1384,summer,morning,0.0399999999999999,1
6,32.9826257329385,11.6911329920027,2.7420384850615,70.9693460079438,9.43264321017361,4.85315570176932,2.47784,autumn,night,0.01,0
4,31.651532841668,11.9410884698245,2.73850268416584,61.50010908897,8.98785534717405,4.9417401309542,2.59432,spring,afternoon,0.0299999999999999,0
7,31.6686879553831,11.6932018204537,2.57803806199191,71.5477815616115,9.05923684999373,4.96590830261226,2.45184,winter,morning,0.03,0
6,34.0197179360952,12.267011074166,4.15863455897289,70.6854067177303,9.85105722291745,4.9911533802734,2.9924,summer,morning,0.08,1
9,35.3648052188725,12.6044568216549,4.9252516102819,98.2236643024919,10.3562154827809,4.98936538390824,3.0408,summer,afternoon,0.13,1
9,33.3010272292604,11.9805477415247,3.92170105123927,71.5812917621346,9.473401787361,4.91894435778763,2.6072,winter,afternoon,0,0
6,30.9444063488923,11.6475920468934,2.03005794193403,55.0477202984452,8.84990181870311,4.88512583108837,2.49724,spring,night,0.03,0
6,29.6171943776594,11.6565220901738,1.97750017300634,50.4825472588256,8.36714474217628,4.97442125182687,2.38412,autumn,night,0.02,0
3,31.7114687493571,11.5101424178927,0.693148805994879,70.5036672288629,8.99903256229677,4.88782928251081,2.24444,spring,morning,0.04,0
5,34.3464105711536,11.8620181927661,3.51783988676125,70.8655096051029,9.67119922589887,4.95354566979019,2.56492,winter,morning,0.01,0
9,34.187650705903,12.4570997673859,4.48935589690316,76.3146469021972,9.8614385014493,5.05708579749733,2.8332,summer,afternoon,0.0199999999999999,1
2,30.3279283880634,11.7663006744864,2.72785762038364,59.5309890827443,8.75728692144775,4.99607666625016,2.58432,winter,night,0.01,0
8,32.9749408143281,11.5915027784415,2.10569869395743,67.9571696079328,9.34341246082956,4.82688225246578,2.43252,autumn,night,0.03,0
5,30.095663072628,11.7853074358705,3.50444122804333,66.1596999987995,8.49226162531501,4.95919021164852,2.54444,summer,night,0.01,0
5,30.2991398896498,11.8272343569114,2.16852393464009,54.6092759187822,8.72517496524979,5.03138764505792,2.49724,autumn,night,0,0
5,31.8389035752866,11.5146460384584,0.561549145395458,56.0672076181307,8.97977066202324,4.86027731106761,2.3,winter,afternoon,0.02,0
6,30.7146023134052,11.7049014121534,2.19457205705351,64.9997363978651,8.84968205950746,4.93461936541005,2.48988,summer,night,0.01,0
5,28.0241118867866,11.7458294837917,1.64339200368001,58.7408655441062,7.98174146573388,4.82491433746815,2.30256,autumn,morning,0.03,0
6,35.6141648407735,12.232357453334,4.10982710543038,84.7833229352168,10.3876358285388,5.00963374231313,2.7516,summer,afternoon,0,1
3,32.9595561968362,12.149035997658,3.10095383193133,60.4474840900082,9.23787272106111,4.87806513137801,2.642,winter,morning,0.0299999999999999,0
3,31.0892044858497,11.6311036563772,2.22486568857348,68.7762849046692,8.89650948059517,4.87854704781586,2.39172,autumn,afternoon,0.03,0
9,28.948031483438,11.5355759604689,1.49275393702848,57.5839691459608,8.25880806225536,4.9961486721396,2.28928,autumn,afternoon,0.02,0
8,32.1145857309863,11.9263865674131,4.03430726758239,70.3202611218147,9.03582199354161,4.89724300349747,2.49628,winter,afternoon,0.02,0
7,38.1815617995214,12.5986615645724,4.79036116935498,103.992027872178,11.1476248415827,4.94366396623844,3.1056,summer,afternoon,0.0499999999999999,1
9,29.297725102328,11.6424106766345,2.03724960736013,48.1028336263828,8.48540122184106,5.05494607873703,2.46112,winter,night,0.03,0
2,34.7774333362439,13.0135398214171,5.40626845521332,,10.1852140413417,4.98815207343164,3.22,summer,morning,0.0599999999999999,1
10,32.8668319750197,12.1357200149706,3.16487294706496,63.6525338438616,9.21366363666815,4.95503996102456,2.682,summer,night,0.07,1
3,30.0368874449214,11.535234591677,0.988859027479147,56.0186639049785,8.74484440907068,4.83897074580154,2.32008,spring,afternoon,0.03,0
8,29.8787302955885,11.8328058536508,2.92700776065822,49.3619906294324,8.48486866320069,4.95824671757875,2.63,winter,night,0,0
3,36.4194358404873,12.3135680558021,4.53166897528972,,10.6561797462883,4.96113003479377,2.928,autumn,night,0.0299999999999999,1
4,31.4786191870261,11.7247706041019,2.69454487072828,59.2331658644048,8.95106713905344,5.01401668328368,2.43528,autumn,afternoon,0.03,0
1,29.8588132785681,11.6877274582577,2.48554575084057,53.5380694421075,8.48980902341813,5.05254442258084,2.49724,summer,afternoon,0.02,1
3,33.6111983429871,12.4486347620172,4.40304563013246,77.9625380047207,9.77367769179676,5.02013726515468,2.8056,summer,afternoon,0.01,1
3,28.9695176127234,11.6106634329305,2.13188790345611,55.5141769915205,8.17183241129824,5.06654778916167,2.423,spring,night,0.02,0
4,31.9566340220577,12.243204916295,4.14516817393267,52.7239219466845,8.92651261094115,5.0318843814817,2.8832,winter,morning,0.09,0
2,29.380986494467,13.0532992439265,3.86465568006639,42.1508594358142,8.24385679053992,4.98134283871117,2.786,autumn,morning,0.0499999999999999,0
11,31.7114687493571,11.5328339488513,1.26002515475618,70.5330919803821,9.15712978957327,4.87018288077301,2.34128,winter,morning,0.04,0
9,30.6027133909037,11.6457839490958,1.86726897100021,54.7780532916995,8.69284018110507,4.9803349034477,2.37224,winter,night,0.03,0
4,35.9127331744043,12.1831458591321,4.37290655563102,91.5045261923004,10.4311520632588,4.94065796453557,2.9156,summer,night,0.01,1
4,30.6774218034132,11.8662415498772,4.24687880461462,78.176357489584,8.43614824312188,5.10315916231438,2.55784,spring,afternoon,0.03,0
6,32.205090102398,11.6159897355587,1.99590634009731,54.8812127725049,9.08646649730693,4.92932130804381,2.54344,spring,night,0.01,0
3,36.6988497468647,12.8230992902156,4.86156840556504,91.1699555557932,10.2690726890726,4.95228180223912,2.85,autumn,morning,0,1
2,30.0858871046738,11.9921095569946,3.74879717840807,56.7112704280234,8.66862994441799,5.09235565949558,2.7272,autumn,afternoon,0.01,0
11,31.1698921264218,11.5852522099914,1.97823968124179,69.4144688862153,8.80043441764854,4.80902146621864,2.31328,spring,morning,0.04,0
5,33.0515694272104,12.3280277813266,4.41094817581079,74.3152956579064,9.66146809179457,4.95915437932897,2.9336,sumer,morning,0.07,1
4,31.6601134641287,11.729980720093,2.25341906128686,54.7003329866405,8.95936137180431,4.94724334091567,2.434,autumn,morning,0.01,0
1,30.9444063488923,11.6540465448642,2.73394745000632,64.7264547694384,8.70528331984775,4.91155100100896,2.43528,autumn,afternoon,0.03,0
3,34.0899757480323,12.632065317951,4.8351618957388,80.2120113757828,10.0966338989047,5.12161166386693,3.0292,summer,afternoon,0.07,1
7,34.9872747488965,12.4142036101334,4.55626701006567,78.2404601085629,10.0935218903756,4.97839032199703,3.0264,autumn,morning,0.0499999999999999,1
8,31.3824438088303,11.6966721570415,2.25920963956384,58.4739814130832,8.8802875117211,4.99708548275402,2.42408,spring,morning,0.02,0
10,27.2976325437791,11.7542048228321,2.13804070270286,45.9835859971843,7.92627646483328,5.10666456018361,2.62,autumn,afternoon,0.01,0
3,33.1656025944804,12.6138867551151,4.56987043289763,65.315188215341,9.3970643488202,4.88548157604548,2.8908,summer,night,0.08,1
1,31.0711999813469,11.7452757442439,3.08571243725525,58.2795954336346,8.8000935102208,5.01059025603178,2.57564,autumn,afternoon,0.02,0
5,36.6480141801356,12.5733768321432,5.21639382762918,93.0028710326165,10.4313419204921,4.91221098371623,3.0608,autumn,night,0.0399999999999999,1
8,31.8050530591869,11.6125778147928,1.62053461203276,65.9685220725242,9.0428278697001,4.84611676572423,2.3678,spring,night,0.01,0
9,30.4043617674892,11.7581511739029,2.93114426678633,56.3679651654215,8.72561762203133,4.99567191209139,2.53796,autumn,afternoon,0.01,0
7,40.080371357096,13.5334551247546,5.95798509044697,97.304481826448,11.3726126057803,5.01398795914878,3.2752,spring,night,0.0599999999999999,1
11,30.1832902368528,11.6485566475654,2.30116922050224,58.3446009079807,8.42214019818012,4.87606848456372,2.44812,autumn,afternoon,0.03,0
11,36.4136652224391,13.2641174964382,5.03885304283956,83.2805217084582,10.2154864469054,4.98382999394423,2.8928,autumn,afternoon,0.0499999999999999,1
4,33.1731664144598,11.9230048376555,3.55716985393801,62.5702676957562,9.21088332870312,4.87921198148025,2.6068,winter,night,0.02,0
11,31.5826660816398,11.8014002806365,2.8070808311231,57.4033810115729,8.86765407682273,4.94547267284062,2.6048,winter,morning,0.01,0
4,30.2220311905982,11.7161403483485,2.56595011310678,48.8469407073841,8.67528573743419,5.01080304838141,2.55832,spring,morning,0.01,0
3,30.0368874449214,11.5354641299933,1.12354387894867,,8.56897491676643,4.99399677042151,2.28088,summer,night,0.03,0
7,34.5773175258224,11.8173589150049,2.64589594410555,77.2608564641285,9.69216479914751,4.84506688936984,2.53744,autumn,morning,0.01,0
3,32.6949540366411,12.3459840724082,3.76338690876067,65.0925798914804,9.37357945023208,4.9623021860396,2.7788,winter,morning,0.07,1
6,31.5480839251411,11.7337845930942,2.95397035340521,57.3238580439801,9.04167176399146,5.06285771116995,2.662,winter,night,0,0
11,29.2453918314198,11.5451091093783,1.58485123907978,51.0824343761895,8.47807196561255,4.97305579857641,2.37856,autumn,night,0.03,0
8,32.9672509710659,12.023894422449,3.6618201753157,70.5330919803821,9.27779504953703,4.88607257265904,2.7436,autumn,morning,0.01,1
8,30.1346874972645,11.6025956945676,0.541025310267319,45.2456759244104,8.66837081824287,4.76787495636838,2.28332,spring,night,0.02,0
9,27.979900085757,11.7051454574178,2.45140634242985,60.5349265416632,8.11160078542563,5.12965616533069,2.49048,winter,night,0,0
5,91.1579130126406,12.0533908158767,3.81716965362411,64.5289418072904,9.19268532998051,4.95321412982098,2.6884,winter,afternoon,0.01,0
4,32.9518564853112,12.0129743937409,3.34409726444433,72.8095342977154,9.41540535075327,4.93085400923429,2.56744,autumn,night,0.01,0
4,29.7285406004065,11.5789505605069,1.71803073161811,49.847573292534,8.24203775826195,4.8482368248426,2.32776,summer,night,0.03,1
4,31.196667890599,13.0478267080386,4.50090873058104,64.3294588050378,9.1230780950214,5.14014317795863,3.084,summer,afternoon,0.48,1
7,29.0444175438051,11.9167578360423,3.19527791086997,63.2926162003161,8.32539926130856,5.02702755598291,2.58976,winter,afternoon,0.01,0
7,30.3279283880634,11.6871195822682,2.36616023982527,63.9489575490916,8.78199138890572,4.89833263369001,2.45264,spring,afternoon,0.03,0
7,36.2626467723701,12.2269420186024,,94.1725778871264,11.0783863877784,4.94407865577323,2.85,summer,afternoon,0.0599999999999999,1
2,28.4159787785073,12.2561150686511,4.15788880046571,58.5383591510726,8.00007129472372,5.13744936044185,2.63,winter,morning,0.0499999999999999,0
10,32.7263882392917,11.5486905668259,0.966422503922655,49.3110784254437,9.17179481399532,4.83955500257534,2.33332,winter,afternoon,0.04,0
5,31.4262554675729,11.5820408758194,2.13804070270286,53.316767045858,8.76002871822788,5.00731877136508,2.45372,spring,night,0.02,0
7,34.0478704416762,12.1144187185603,4.05587790940096,87.7029352402025,9.99066275703909,5.00203196583929,2.808,summer,afternoon,0,1
3,32.812410113035,11.7139393569141,2.00614028055584,61.3796547058717,9.22856965468478,4.77413802719881,2.42252,winter,night,0.02,0
9,36.2626467723701,12.9887247599535,4.89452379520322,97.9567959990182,10.5314079177587,4.94957769656085,2.992,autumn,night,0.0599999999999999,1
4,36.0086377807804,12.7908213184288,5.49484766229092,84.4195442631093,10.1102756154951,4.95274331274423,2.9364,summer,afternoon,0.0199999999999999,1
4,27.6813155713502,12.8193369173328,3.54268069950548,64.5368798903476,7.92329623843128,4.91208380315709,2.658,summer,night,0.0499999999999999,0
1,33.4718750547714,11.8639088029171,2.84050779307058,60.8904487544685,9.53060502895606,4.9183563220568,2.614,spring,afternoon,0,0
10,35.8402983468221,12.5396003764193,4.54257042666442,93.060150308045,10.2459048207502,4.98699713670746,2.8832,summer,afternoon,0.0399999999999999,1
1,35.7247080994604,13.0838789003119,5.18539918473859,93.2687818822413,10.3364678054401,5.00402976343863,2.9392,spring,night,0.07,1
2,33.8207790992529,13.5698264747687,5.18242210767803,79.1093112654197,9.58118386780261,5.07679493701006,3.054,summer,morning,0.1,1
7,35.3269502978903,12.264966378569,4.55891372496306,78.5618637121128,10.074826851416,4.9866761974626,2.9896,autumn,night,0.0499999999999999,1
6,30.2702821603117,11.7058776676718,1.82700710218626,63.5026580384056,8.6978889625079,4.87699842813531,2.42036,spring,night,0.01,0
9,36.8667629343206,12.981763794388,4.99352899247757,86.6383370037686,10.4912504715594,5.02731604142755,3.0452,summer,night,0.0399999999999999,1
3,32.29491699343,,2.40595654831885,74.2372658100862,9.28911426493279,4.78954406741113,2.44424,autumn,night,0.02,0
5,35.2762905920444,13.8072205950596,5.1157795648175,74.994786847414,10.0150455474121,5.15319696452208,2.9856,summer,morning,0.14,1
11,29.7184608014098,11.5242007466066,1.00744584883948,59.4492729322927,8.49567714723808,4.92359818022374,2.35812,autumn,afternoon,0.03,0
6,32.3436315393565,12.5138658297755,4.62927876760519,79.6757074331007,9.95554932170244,5.24900627934147,3.0052,summer,morning,0.11,1
2,33.8922078815805,12.1256225531681,3.69123479581305,72.5294398797064,9.45979233233803,4.97117779841099,2.6476,summer,morning,0.01,1
2,32.2786347656945,12.935561457922,4.38936206318223,60.1235506283106,9.25607229088945,5.04161961288616,3.0832,spring,night,0.25,0
10,33.3085061949123,11.9654087896188,3.33886165936017,73.5209495059712,9.6545480626892,5.02428905126945,2.648,autumn,afternoon,0,1
7,30.5933420511069,11.6760090846195,1.93262170062378,65.208031433934,8.8536115874349,4.93226025426917,2.41424,autumn,morning,0.01,0
5,30.1541522217269,11.8162975499427,2.12090263725265,57.140895075602,8.77813765487274,5.03063011295478,2.53112,spring,afternoon,0,0
10,32.2541699254163,11.7799136166016,2.84194854232247,61.4908690795656,9.30032972010135,4.930623394501,2.56308,autumn,night,0.02,0
6,28.4653338677119,11.5060935001458,0,62.438485975835,8.16907586855064,4.74395648086074,2.2,winter,afternoon,0.04,0
9,31.8135246444311,12.0153773934059,3.65575714713829,54.8038930885755,9.25618444983756,4.99014466338499,2.8428,summer,night,0.0599999999999999,1
8,28.606662528697,11.6443982074507,2.44848620758491,55.7495466946706,8.3161005136013,5.01020841053972,2.46112,winter,night,0,0
